Handle,SKU,Name,Category,Description,Sold by weight,Option 1 name,Option 1 value,Option 2 name,Option 2 value,Option 3 name,Option 3 value,Cost,Barcode,SKU of included item,Quantity of included item,Track stock,Available for sale [Best Khmer (Golden Cafe) Restaurant],Price [Best Khmer (Golden Cafe) Restaurant],In stock [Best Khmer (Golden Cafe) Restaurant],Low stock [Best Khmer (Golden Cafe) Restaurant],Cloudinary_ID
s1,s1,Amok (Chicken/Fish/Tofu),Soup,,N,,,,,,,0,,,,N,Y,3.5,,,Fish_Amok_with_Rice_stm4c8
s2,s2,Amok Seafood,Soup,,N,,,,,,,0,,,,N,Y,4,,,
angkor-big-bottle,BV11,Angkor Big Bottle,Beverage,,N,,,,,,,0,,,,N,Y,2.5,,,
angkor-can,BV9,Angkor Can,Beverage,,N,,,,,,,0,,,,N,Y,1,,,
angkor-small-bottle,BV10,Angkor Small Bottle,Beverage,,N,,,,,,,0,,,,N,Y,1.25,,,
D64,D64,Apple Smoothie,Smoothie,,N,,,,,,,0,,,,N,Y,1.5,,,
avocado-slice,B60,Avocado Slice,Breakfast,,N,,,,,,,0,,,,N,Y,1,,,
D52,D52,Avocado Smoothie,Smoothie,,N,,,,,,,0,,,,N,Y,1.5,,,
D57,D57,Banana Smoothie,Smoothie,,N,,,,,,,0,,,,N,Y,1.25,,,
Dessert4,Dessert4,Banana with Coconut Milk,Dessert,,N,,,,,,,0,,,,N,Y,2.5,,,
B46,B46,Beef Burger,Breakfast,,N,,,,,,,0,,,,N,Y,2.5,,,
B49,B49,Beef Burger Cheese with French fries,Breakfast,,N,,,,,,,0,,,,N,Y,5,,,
B47,B47,Beef Burger with Cheese,Breakfast,,N,,,,,,,0,,,,N,Y,3.5,,,
K15,K15,Beef Lab,Salad,,N,,,,,,,0,,,,N,Y,4,,,
F7,F7,Beef Lok Lak Bok Choy with Rice,Fried Rice,,N,,,,,,,0,,,,N,Y,4,,,
F3,F3,Beef Lok lak with Fried Rice,Fried Rice,,N,,,,,,,0,,,,N,Y,4.5,,,
F1,F1,Beef Lok lak with Rice,Fried Rice,,N,,,,,,,0,,,,N,Y,4,,,
B11,B11,Beef Noodle Soup,Breakfast,,N,,,,,,,0,,,,N,Y,3,,,
K3,K3,Beef Salad with Deep fried morning glory,Salad,,N,,,,,,,0,,,,N,Y,4.5,,,
D78,D78,Black Tea Macchiato,Macchiato,,N,,,,,,,0,,,,N,Y,1.5,,,
CKT2,CKT2,Blue Hawai,Cocktails,,N,,,,,,,0,,,,N,Y,2.5,,,
CKT3,CKT3,Blue Magarita,Cocktails,,N,,,,,,,0,,,,N,Y,2,,,
D56,D56,Blueberry Smoothie,Smoothie,,N,,,,,,,0,,,,N,Y,1.75,,,
D43,D43,Brown Suger Frappe,Frappe,,N,,,,,,,0,,,,N,Y,2,,,
D80,D80,Brown Suger Macchiato,Macchiato,,N,,,,,,,0,,,,N,Y,1.5,,,
D45,D45,Butterfly Tea Frappe,Frappe,,N,,,,,,,0,,,,N,Y,2,,,
D76,D76,Butterfly Tea Macchiato,Macchiato,,N,,,,,,,0,,,,N,Y,1.5,,,
cambodia-can,BV8,Cambodia Can,Beverage,,N,,,,,,,0,,,,N,Y,1,,,
D37,D37,Cappuccino Frappe,Frappe,,N,,,,,,,0,,,,N,Y,2,,,
D44,D44,Caramel Frappe,Frappe,,N,,,,,,,0,,,,N,Y,2,,,
D72,D72,Caramel Macchiato,Macchiato,,N,,,,,,,0,,,,N,Y,1.5,,,
D60,D60,Carrot Smoothie,Smoothie,,N,,,,,,,0,,,,N,Y,1.25,,,
cheese,B59,Cheese,Breakfast,,N,,,,,,,0,,,,N,Y,0.5,,,
B48,B48,Chicken Burger with Cheese,Breakfast,,N,,,,,,,0,,,,N,Y,3,,,
B12,B12,Chicken Noodle Soup,Breakfast,,N,,,,,,,0,,,,N,Y,2,,,
M7,M7,Chicken Pasta,New Menu,,N,,,,,,,0,,,,N,Y,3.5,,,
S10,S10,Chicken Soup with Fermented Limes,Soup,,N,,,,,,,0,,,,N,Y,3.5,,,
D38,D38,Chocolate Frappe,Frappe,,N,,,,,,,0,,,,N,Y,2,,,
D73,D73,Chocolate Macchiato,Macchiato,,N,,,,,,,0,,,,N,Y,1.5,,,
B54,B54,Chocolate Pancake (3),Breakfast,,N,,,,,,,0,,,,N,Y,3,,,
coca-cola,BV2,Coca Cola,Beverage,,N,,,,,,,0,,,,N,Y,0.75,,,
coca-cola-light,BV3,Coca Cola Light,Beverage,,N,,,,,,,0,,,,N,Y,0.75,,,
coca-cola-zero,BV4,Coca Cola Zero,Beverage,,N,,,,,,,0,,,,N,Y,0.75,,,
D50,D50,Coconut Smoothie,Smoothie,,N,,,,,,,0,,,,N,Y,1.5,,,
D36,D36,Coffee Frappe,Frappe,,N,,,,,,,0,,,,N,Y,2,,,
D71,D71,Coffee Macchiato,Macchiato,,N,,,,,,,0,,,,N,Y,1.5,,,
B52,B52,Crab Meat Sandwich with Cheese,Breakfast,,N,,,,,,,0,,,,N,Y,1.5,,,
B41,B41,Crispy Chicken Burger,Breakfast,,N,,,,,,,0,,,,N,Y,2,,,
B44,B44,Crispy Chicken Burger with Cheese,Breakfast,,N,,,,,,,0,,,,N,Y,2.5,,,
B50,B50,Crispy Chicken Sandwich with Cheese,Breakfast,,N,,,,,,,0,,,,N,Y,2,,,
B42,B42,Crispy Fish Burger,Breakfast,,N,,,,,,,0,,,,N,Y,2,,,
B45,B45,Crispy Fish Burger with Cheese,Breakfast,,N,,,,,,,0,,,,N,Y,3,,,
deep-fried-beef-meatballs-(4),G24,Deep Fried Beef Meatballs (4),Grilled,,N,,,,,,,0,,,,N,Y,2.5,,,
G23,G23,Deep Fried Beef Meatballs with Spicy,Grilled,,N,,,,,,,0,,,,N,Y,2.5,,,
B26,B26,Deep Fried Chicken (2),Breakfast,,N,,,,,,,0,,,,N,Y,2,,,
B21,B21,Deep Fried Chicken Breast & Fries,Breakfast,,N,,,,,,,0,,,,N,Y,3.5,,,
B25,B25,Deep Fried Chicken Spring Rolls (4),Breakfast,,N,,,,,,,0,,,,N,Y,3,,,
M9,M9,Deep Fried Chicken with Rice,New Menu,,N,,,,,,,0,,,,N,Y,2.5,,,
F32,F32,Deep Fried Circle Chive Cake (3),Fried Noodle,,N,,,,,,,0,,,,N,Y,3,,,
G11,G11,Deep Fried Drumstick Chicken with Fish Cheese,Grilled,,N,,,,,,,0,,,,N,Y,4,,,
B14,B14,Deep Fried Drumstick Chicken with Rice,Breakfast,,N,,,,,,,0,,,,N,Y,3.5,,,
B20,B20,Deep Fried fish & French fries,Breakfast,,N,,,,,,,0,,,,N,Y,3.5,,,
M8,M8,Deep Fried Fish with Mango Salad and Rice,New Menu,,N,,,,,,,0,,,,N,Y,3.5,,,
SF32,SF32,Deep Fried Fish with Sweet Sour Sauce,Stir-fried,,N,,,,,,,0,,,,N,Y,3.5,,,
SF31,SF31,Deep Fried Fish with Sweet Sour Vegetables,Stir-fried,,N,,,,,,,0,,,,N,Y,3.5,,,
SF30,SF30,Deep Fried Fish with Sweet Soybean,Stir-fried,,N,,,,,,,0,,,,N,Y,3.5,,,
B31,B31,Deep Fried Hot Dog with flour,Breakfast,,N,,,,,,,0,,,,N,Y,2,,,
B30,B30,Deep Fried Hot Dog with Toast,Breakfast,,N,,,,,,,0,,,,N,Y,3,,,
K16,K16,Deep fried Khmer Fish Cheese,Salad,,N,,,,,,,0,,,,N,Y,4.5,,,
B28,B28,Deep Fried Mushrooms with flour,Breakfast,,N,,,,,,,0,,,,N,Y,2,,,
B23,B23,Deep Fried Shrimp with flour (6),Breakfast,,N,,,,,,,0,,,,N,Y,3,,,
B22,B22,Deep Fried Tofu with flour,Breakfast,,N,,,,,,,0,,,,N,Y,2.5,,,
B24,B24,Deep Fried Vegetable Spring Rolls (4),Breakfast,,N,,,,,,,0,,,,N,Y,2.5,,,
B27,B27,Deep Fried Wonton (5),Breakfast,,N,,,,,,,0,,,,N,Y,3,,,
D51,D51,Durian Smoothie,Smoothie,,N,,,,,,,0,,,,N,Y,2,,,
B43,B43,Egg Burger with Cheese,Breakfast,,N,,,,,,,0,,,,N,Y,2,,,
G17,G17,English Lok lak (Beef/Chicken),Grilled,,N,,,,,,,0,,,,N,Y,4,,,
B19,B19,French fries,Breakfast,,N,,,,,,,0,,,,N,Y,2,,,
Dessert1,Dessert1,Fresh Coconut,Dessert,,N,,,,,,,0,,,,N,Y,1.25,,,
fresh-fruits-sliced,FS1,Fresh Fruits Sliced,Dessert,,N,,,,,,,0,,,,N,Y,2.5,,,
B34,B34,Fresh Spring Rolls (Chicken/Pork) (4),Breakfast,,N,,,,,,,0,,,,N,Y,2.5,,,
fried-egg,B57,Fried Egg,Breakfast,,N,,,,,,,0,,,,N,Y,0.5,,,
B8,B8,Fried Egg Hotdog with bread or toast,Breakfast,,N,,,,,,,0,,,,N,Y,2.5,,,
B7,B7,Fried Egg with bread or toast,Breakfast,,N,,,,,,,0,,,,N,Y,1.5,,,
F21,F21,Fried Flat Noodle (Beef/Seafood),Fried Noodle,,N,,,,,,,0,,,,N,Y,3,,,
F22,F22,Fried Flat Noodle (Chicken/Pork/Tofu),Fried Noodle,,N,,,,,,,0,,,,N,Y,2.5,,,
F28,F28,Fried Glass Noodle (Beef/Seafood),Fried Noodle,,N,,,,,,,0,,,,N,Y,3,,,
F29,F29,Fried Glass Noodle (Chicken/Pork/Tofu),Fried Noodle,,N,,,,,,,0,,,,N,Y,2.5,,,
F23,F23,Fried Mama Noodle (Beef/Seafood),Fried Noodle,,N,,,,,,,0,,,,N,Y,3,,,
F24,F24,Fried Mama Noodle (Chicken/Pork/Tofu),Fried Noodle,,N,,,,,,,0,,,,N,Y,2.5,,,
F25,F25,Fried Mama Noodle with Beef Meatball,Fried Noodle,,N,,,,,,,0,,,,N,Y,2.5,,,
SF1,SF1,Fried Prama Fish with Egg,Stir-fried,,N,,,,,,,0,,,,N,Y,3.5,,,
F11,F11,Fried Rice (Beef/Seafood),Fried Rice,,N,,,,,,,0,,,,N,Y,3,,,
F12,F12,Fried Rice (Chicken/Pork/Tofu),Fried Rice,,N,,,,,,,0,,,,N,Y,2.5,,,
F13,F13,Fried Rice Basil (Beef/Seafood),Fried Rice,,N,,,,,,,0,,,,N,Y,3,,,
F14,F14,Fried Rice Basil (Chicken/Pork/Tofu),Fried Rice,,N,,,,,,,0,,,,N,Y,2.5,,,
F15,F15,Fried Rice Sausage with Basil,Fried Rice,,N,,,,,,,0,,,,N,Y,2.5,,,
F26,F26,Fried Rice Stick Noodle (Beef/Seafood),Fried Noodle,,N,,,,,,,0,,,,N,Y,3,,,
F27,F27,Fried Rice Stick Noodle (Chicken/Pork/Tofu),Fried Noodle,,N,,,,,,,0,,,,N,Y,2.5,,,
F19,F19,Fried Yellow Noodle (Beef/Seafood),Fried Noodle,,N,,,,,,,0,,,,N,Y,3,,,
F20,F20,Fried Yellow Noodle (Chicken/Pork/Tofu),Fried Noodle,,N,,,,,,,0,,,,N,Y,2.5,,,
gin,W3,Gin,Cocktails,,N,,,,,,,0,,,,N,Y,1,,,
K10,K10,Glass Noodle Salad (Chicken/Pork),Salad,,N,,,,,,,0,,,,N,Y,3.5,,,
K9,K9,Glass Noodle Salad Seafood,Salad,,N,,,,,,,0,,,,N,Y,4.5,,,
CKT1,CKT1,Golden Bacardi,Cocktails,,N,,,,,,,0,,,,N,Y,3,,,
D63,D63,Grape Smoothie,Smoothie,,N,,,,,,,0,,,,N,Y,1.5,,,
s5,s5,Green Curry (Chicken/Fish/Tofu),Soup,,N,,,,,,,0,,,,N,Y,3.5,,,Green-Curry_v61f6z
VF6,VF6,Green Curry with Tofu,Vegetarian Food,,N,,,,,,,0,,,,N,Y,3.5,,,Green-Curry_v61f6z
K8,K8,Green Mango Salad with Dry shrimp,Salad,,N,,,,,,,0,,,,N,Y,4,,,
K7,K7,Green Mango Salad with Smoked Fish,Salad,,N,,,,,,,0,,,,N,Y,4,,,
K1,K1,Green Papaya Salad with dried shrimp,Salad,,N,,,,,,,0,,,,N,Y,3,,,
VF14,VF14,Green Papaya Salad with Tofu,Vegetarian Food,,N,,,,,,,0,,,,N,Y,3.5,,,
K2,K2,Green Payaya Salad with Shrimp,Salad,,N,,,,,,,0,,,,N,Y,4,,,
D47,D47,Green Tea Frappe,Frappe,,N,,,,,,,0,,,,N,Y,2,,,
D74,D74,Green Tea Macchiato,Macchiato,,N,,,,,,,0,,,,N,Y,1.5,,,
G9,G9,Grilled Beef BBQ (3),Grilled,,N,,,,,,,0,,,,N,Y,4,,,
G19,G19,Grilled Beef with Black pepper sauce,Grilled,,N,,,,,,,0,,,,N,Y,4.5,,,
G13,G13,Grilled Beef with Fish Cheese,Grilled,,N,,,,,,,0,,,,N,Y,4.5,,,
B17,B17,Grilled Beef with Rice,Breakfast,,N,,,,,,,0,,,,N,Y,3,,,
G10,G10,Grilled Chicken BBQ (3),Grilled,,N,,,,,,,0,,,,N,Y,3,,,
G18,G18,Grilled Chicken with Black pepper sauce,Grilled,,N,,,,,,,0,,,,N,Y,4,,,
B15,B15,Grilled Chicken with Rice,Breakfast,,N,,,,,,,0,,,,N,Y,2,,,
B18,B18,Grilled Fish with Rice,Breakfast,,N,,,,,,,0,,,,N,Y,2.5,,,
G12,G12,Grilled Mackerel Fish with Spicy Sauce,Grilled,,N,,,,,,,0,,,,N,Y,4.5,,,
B16,B16,Grilled Pork with Rice,Breakfast,,N,,,,,,,0,,,,N,Y,2,,,
B51,B51,Ham and Cheese Sandwich,Breakfast,,N,,,,,,,0,,,,N,Y,2.5,,,
B56,B56,Honey Pancake (3),Breakfast,,N,,,,,,,0,,,,N,Y,3,,,
H2,H2,Hot Americano,Hot Drink,,N,,,,,,,0,,,,N,Y,1.5,,,
H4,H4,Hot Cappuccino,Hot Drink,,N,,,,,,,0,,,,N,Y,1.5,,,
H7,H7,Hot Chocolate,Hot Drink,,N,,,,,,,0,,,,N,Y,1.5,,,
H6,H6,Hot Coffee with Milk,Hot Drink,,N,,,,,,,0,,,,N,Y,1.5,,,
B32,B32,Hot Dog (2),Breakfast,,N,,,,,,,0,,,,N,Y,1.25,,,
H1,H1,Hot Expresso,Hot Drink,,N,,,,,,,0,,,,N,Y,1.5,,,
H11,H11,Hot Green Tea,Hot Drink,,N,,,,,,,0,,,,N,Y,1.5,,,
H3,H3,Hot Latte,Hot Drink,,N,,,,,,,0,,,,N,Y,1.5,,,
H13,H13,Hot Lemon Green Tea,Hot Drink,,N,,,,,,,0,,,,N,Y,1.5,,,
H14,H14,Hot Lemon Red Tea,Hot Drink,,N,,,,,,,0,,,,N,Y,1.5,,,
H8,H8,Hot Milo,Hot Drink,,N,,,,,,,0,,,,N,Y,1.5,,,
H5,H5,Hot Mocha,Hot Drink,,N,,,,,,,0,,,,N,Y,1.5,,,
H9,H9,Hot Ovaltine,Hot Drink,,N,,,,,,,0,,,,N,Y,1.5,,,
H12,H12,Hot Red Tea,Hot Drink,,N,,,,,,,0,,,,N,Y,1.5,,,
H10,H10,Hot Vanilla,Hot Drink,,N,,,,,,,0,,,,N,Y,1.5,,,
D8,D8,Iced Black Coffee,Iced Drink,,N,,,,,,,0,,,,N,Y,1.5,,,
D12,D12,Iced Black Milk Tea,Iced Drink,,N,,,,,,,0,,,,N,Y,1.5,,,
D29,D29,Iced Blue Curacao Soda,Iced Drink,,N,,,,,,,0,,,,N,Y,1.5,,,
D15,D15,Iced Blueberry Milk,Iced Drink,,N,,,,,,,0,,,,N,Y,1.5,,,
D34,D34,Iced Blueberry Soda,Iced Drink,,N,,,,,,,0,,,,N,Y,1.5,,,
D23,D23,Iced Brown Suger Fresh Milk with Pearl,Iced Drink,,N,,,,,,,0,,,,N,Y,1.75,,,
D10,D10,Iced Butterfly Milk Tea,Iced Drink,,N,,,,,,,0,,,,N,Y,1.5,,,
D3,D3,Iced Cappuccino,Iced Drink,,N,,,,,,,0,,,,N,Y,1.75,,,
D22,D22,Iced Caramel Fresh Milk with Pearl,Iced Drink,,N,,,,,,,0,,,,N,Y,1.75,,,
D5,D5,Iced Chocolate,Iced Drink,,N,,,,,,,0,,,,N,Y,1.5,,,
D1,D1,Iced Coffee Milk,Iced Drink,,N,,,,,,,0,,,,N,Y,1.5,,,
D13,D13,Iced Green Milk Tea,Iced Drink,,N,,,,,,,0,,,,N,Y,1.5,,,
D20,D20,Iced Green Milk Tea with Pearl,Iced Drink,,N,,,,,,,0,,,,N,Y,1.75,,,
D11,D11,Iced Jasmine Milk Tea,Iced Drink,,N,,,,,,,0,,,,N,Y,1.5,,,
D32,D32,Iced Kiwi Soda,Iced Drink,,N,,,,,,,0,,,,N,Y,1.5,,,
D2,D2,Iced Latte,Iced Drink,,N,,,,,,,0,,,,N,Y,1.5,,,
D27,D27,Iced Lemon Black Tea,Iced Drink,,N,,,,,,,0,,,,N,Y,1,,,
D28,D28,Iced Lemon Butterfly Tea,Iced Drink,,N,,,,,,,0,,,,N,Y,1,,,
D25,D25,Iced Lemon Green Tea,Iced Drink,,N,,,,,,,0,,,,N,Y,1,,,
D26,D26,Iced Lemon Jasmine Tea,Iced Drink,,N,,,,,,,0,,,,N,Y,1,,,
D24,D24,Iced Lemon Red Tea,Iced Drink,,N,,,,,,,0,,,,N,Y,1,,,
D35,D35,Iced Lychee Soda,Iced Drink,,N,,,,,,,0,,,,N,Y,1.5,,,
D21,D21,Iced Milk Tea with Pearl,Iced Drink,,N,,,,,,,0,,,,N,Y,1.75,,,
D6,D6,Iced Milo,Iced Drink,,N,,,,,,,0,,,,N,Y,1.5,,,
D4,D4,Iced Mocha,Iced Drink,,N,,,,,,,0,,,,N,Y,1.75,,,
D7,D7,Iced Ovaltine,Iced Drink,,N,,,,,,,0,,,,N,Y,1.5,,,
D17,D17,Iced Passion Milk,Iced Drink,,N,,,,,,,0,,,,N,Y,1.5,,,
D30,D30,Iced Passion Soda,Iced Drink,,N,,,,,,,0,,,,N,Y,1.5,,,
D9,D9,Iced Red Milk Tea,Iced Drink,,N,,,,,,,0,,,,N,Y,1.5,,,
D16,D16,Iced Strawberry Milk,Iced Drink,,N,,,,,,,0,,,,N,Y,1.5,,,
D31,D31,Iced Strawberry Soda,Iced Drink,,N,,,,,,,0,,,,N,Y,1.5,,,
D18,D18,Iced Syrup Fresh Milk,Iced Drink,,N,,,,,,,0,,,,N,Y,1.5,,,
D19,D19,Iced Tamarind Fresh Milk,Iced Drink,,N,,,,,,,0,,,,N,Y,1.5,,,
D33,D33,Iced Tamarind Soda,Iced Drink,,N,,,,,,,0,,,,N,Y,1.5,,,
D14,D14,Iced Vanilla Latte,Iced Drink,,N,,,,,,,0,,,,N,Y,1.5,,,
D54,D54,Jack Fruit Smoothie,Smoothie,,N,,,,,,,0,,,,N,Y,1.25,,,
D75,D75,Jasmine Tea Macchiato,Macchiato,,N,,,,,,,0,,,,N,Y,1.5,,,
S9,S9,Jrouk Krav Chuang (Chicken/Fish),Soup,,N,,,,,,,0,,,,N,Y,3.5,,,
K5,K5,Khmer Beef Salad,Salad,,N,,,,,,,0,,,,N,Y,4,,,
K6,K6,Khmer Fish Salad,Salad,,N,,,,,,,0,,,,N,Y,3.5,,,
S13,S13,Khmer Fish Sour Soup with Green Papaya,Soup,,N,,,,,,,0,,,,N,Y,3.5,,,
S14,S14,Khmer Fish Sour Soup with Morning glory,Soup,,N,,,,,,,0,,,,N,Y,3.5,,,
VF16,VF16,Khmer Salad with Tofu,Vegetarian Food,,N,,,,,,,0,,,,N,Y,3.5,,,
K4,K4,Khmer Shrimp Salad,Salad,,N,,,,,,,0,,,,N,Y,4,,,
S16,S16,Khmer Sour Soup (Fish/Shrimp),Soup,,N,,,,,,,0,,,,N,Y,3.5,,,
S12,S12,Khmer Spicy Sour Soup (Beef/Chicken/Fish),Soup,,N,,,,,,,0,,,,N,Y,3.5,,,
K14,K14,Lab (Chicken/Pork),Salad,,N,,,,,,,0,,,,N,Y,3.5,,,
D61,D61,Lemon Smoothie,Smoothie,,N,,,,,,,0,,,,N,Y,1.25,,,
F8,F8,Lok lak Pok Choy with Rice (Chicken/Pork/Tofu),Fried Rice,,N,,,,,,,0,,,,N,Y,3.5,,,
F4,F4,Lok lak with Fried Rice (Chicken/Pork/Tofu),Fried Rice,,N,,,,,,,0,,,,N,Y,4.25,,,
F2,F2,Lok lak with Rice (Chicken/Pork/Tofu),Fried Rice,,N,,,,,,,0,,,,N,Y,3.5,,,
CKT8,CKT8,Long Island Ice Tea,Cocktails,,N,,,,,,,0,,,,N,Y,3,,,
D59,D59,Lychee Smoothie,Smoothie,,N,,,,,,,0,,,,N,Y,1.5,,,
CKT5,CKT5,Magarita,Cocktails,,N,,,,,,,0,,,,N,Y,2,,,
D53,D53,Mango Smoothie,Smoothie,,N,,,,,,,0,,,,N,Y,1.25,,,
Dessert2,Dessert2,Mango Sticky rice,Dessert,,N,,,,,,,0,,,,N,Y,3,,,
D42,D42,Milo Frappe,Frappe,,N,,,,,,,0,,,,N,Y,2,,,
D83,D83,Milo Macchiato,Macchiato,,N,,,,,,,0,,,,N,Y,1.5,,,
G21,G21,Mixed Deep Fried Meatballes,Grilled,,N,,,,,,,0,,,,N,Y,2.5,,,
G22,G22,Mixed Deep Fried Meatballes with Flour,Grilled,,N,,,,,,,0,,,,N,Y,2.5,,,
D70,D70,Mixed Fruits Smoothie,Smoothie,,N,,,,,,,0,,,,N,Y,1.5,,,
B37,B37,Mixed Salad with Chicken,Breakfast,,N,,,,,,,0,,,,N,Y,4,,,
K13,K13,Mixed Spicy Beef,Salad,,N,,,,,,,0,,,,N,Y,4,,,
B36,B36,Mixed Vegetable Salad,Breakfast,,N,,,,,,,0,,,,N,Y,3,,,
K12,K12,Mixed Vegetable Salad (Chicken/Pork),Salad,,N,,,,,,,0,,,,N,Y,3.5,,,
K11,K11,Mixed Vegetable Salad Seafood,Salad,,N,,,,,,,0,,,,N,Y,4,,,
D39,D39,Mocha Frappe,Frappe,,N,,,,,,,0,,,,N,Y,2,,,
CKT7,CKT7,Mojito,Cocktails,,N,,,,,,,0,,,,N,Y,2.5,,,
B3,B3,Omelet Cheese with bread or toast,Breakfast,,N,,,,,,,0,,,,N,Y,3,,,
B2,B2,Omelet Chicken/Pork with bread or toast,Breakfast,,N,,,,,,,0,,,,N,Y,2.5,,,
B1,B1,Omelet Vegetable with bread or toast,Breakfast,,N,,,,,,,0,,,,N,Y,1.5,,,
B29,B29,Onion Rings,Breakfast,,N,,,,,,,0,,,,N,Y,2,,,
D41,D41,Oreo Frappe,Frappe,,N,,,,,,,0,,,,N,Y,2,,,
D40,D40,Ovaltine Frappe,Frappe,,N,,,,,,,0,,,,N,Y,2,,,
D84,D84,Ovaltine Macchiato,Macchiato,,N,,,,,,,0,,,,N,Y,1.5,,,
F9,F9,Pad kra pai (Beef/Seafood),Fried Rice,,N,,,,,,,0,,,,N,Y,4,,,
F10,F10,Pad kra pai (Chicken/Pork/Tofu),Fried Rice,,N,,,,,,,0,,,,N,Y,3.5,,,
VF4,VF4,Pad kra pao with Tofu,Vegetarian Food,,N,,,,,,,0,,,,N,Y,3.5,,,
B53,B53,Pancake with Cream Coconut (3),Breakfast,,N,,,,,,,0,,,,N,Y,3,,,
D65,D65,Papaya Smoothie,Smoothie,,N,,,,,,,0,,,,N,Y,1.25,,,
D77,D77,Passion Macchiato,Macchiato,,N,,,,,,,0,,,,N,Y,1.5,,,
D62,D62,Passion Smoothie,Smoothie,,N,,,,,,,0,,,,N,Y,1.5,,,
CKT6,CKT6,Pinacolada,Cocktails,,N,,,,,,,0,,,,N,Y,2.5,,,
pineapple-fried-rice-(chicken/pork/tofu/egg),M10,Pineapple Fried Rice (Chicken/Pork/Tofu/Egg),New Menu,,N,,,,,,,0,,,,N,Y,3,,,
M4,M4,Pineapple Fried Rice (Seafood/Beef),New Menu,,N,,,,,,,0,,,,N,Y,3.5,,,
M3,M3,Pineapple Fried Rice Cashew Nut (Seafood/Beef),New Menu,,N,,,,,,,0,,,,N,Y,4,,,
VF18,VF18,Pineapple Fried Rice Cashew Nut with Tofu,Vegetarian Food,,N,,,,,,,0,,,,N,Y,3.5,,,
D58,D58,Pineapple Smoothie,Smoothie,,N,,,,,,,0,,,,N,Y,1.25,,,
M1,M1,Pumpkin Soup with Bread,New Menu,,N,,,,,,,0,,,,N,Y,3,,,
Dessert3,Dessert3,Pumpkin with Coconut Milk,Dessert,,N,,,,,,,0,,,,N,Y,2.5,,,
s4,s4,Red Curry (Chicken/Fish/Tofu),Soup,,N,,,,,,,0,,,,N,Y,3.5,,,
s3,s3,Red Curry Seafood,Soup,,N,,,,,,,0,,,,N,Y,4,,,
VF7,VF7,Red Curry with Tofu,Vegetarian Food,,N,,,,,,,0,,,,N,Y,3.5,,,
D46,D46,Red Tea Frappe,Frappe,,N,,,,,,,0,,,,N,Y,2,,,
D81,D81,Red Tea Macchiato,Macchiato,,N,,,,,,,0,,,,N,Y,1.5,,,
rice,B58,Rice,Breakfast,,N,,,,,,,0,,,,N,Y,0.5,,,
M5,10000,Roast Beef on Strip,New Menu,,N,Chicken,3.5,,,,,0,,,,N,Y,4,,,
D79,D79,Rose Tea Macchiato,Macchiato,,N,,,,,,,0,,,,N,Y,1.5,,,
rum,W2,Rum,Cocktails,,N,,,,,,,0,,,,N,Y,1,,,
B6,B6,Sandwich Egg with French fries,Breakfast,,N,,,,,,,0,,,,N,Y,2.5,,,
F16,F16,Sausage Fried Rice,Fried Rice,,N,,,,,,,0,,,,N,Y,2.5,,,
B5,B5,Scrambled Egg Hotdog with bread or toast,Breakfast,,N,,,,,,,0,,,,N,Y,2.5,,,
B4,B4,Scrambled Egg with bread or toast,Breakfast,,N,,,,,,,0,,,,N,Y,2,,,
B13,B13,Seafood Noodle Soup,Breakfast,,N,,,,,,,0,,,,N,Y,3,,,
B35,B35,Shrimp Fresh Spring Rolls (4),Breakfast,,N,,,,,,,0,,,,N,Y,3,,,
VF5,VF5,Shrimp Paste Fried Rice Golden Cafe,Vegetarian Food,,N,,,,,,,0,,,,N,Y,3.5,,,
F5,F5,Shrimp Paste Fried Rice Golden Cafe (Beef/ Seafood),Fried Rice,,N,,,,,,,0,,,,N,Y,4.5,,,
F6,F6,Shrimp Paste Fried Rice Golden Cafe (Chicken/ Pork),Fried Rice,,N,,,,,,,0,,,,N,Y,4.25,,,
CKT4,CKT4,Singapore Sling,Cocktails,,N,,,,,,,0,,,,N,Y,3.5,,,
soda-water,BV5,Soda Water,Beverage,,N,,,,,,,0,,,,N,Y,0.75,,,
7-up,BV1,Soft drink (7up/Sprite/Pepsi),Beverage,,N,,,,,,,0,,,,N,Y,0.75,,,
S15,S15,Somlor Kor Ko (Fish/Pork/Chicken),Soup,,N,,,,,,,0,,,,N,Y,3.5,,,
D66,D66,Soursop Smoothie,Smoothie,,N,,,,,,,0,,,,N,Y,1.5,,,
B40,B40,Spaghetti (Beef/Seafood),Breakfast,,N,,,,,,,0,,,,N,Y,4,,,
B39,B39,Spaghetti (Pork/Chicken),Breakfast,,N,,,,,,,0,,,,N,Y,3.5,,,
M6,M6,Spaghetti Cabonara,New Menu,,N,,,,,,,0,,,,N,Y,3.5,,,
B38,B38,Spaghetti with Tomato Sauce,Breakfast,,N,,,,,,,0,,,,N,Y,2.75,,,
F17,F17,Special Pad Thai (Beef/Seafood),Fried Noodle,,N,,,,,,,0,,,,N,Y,3.5,,,
F18,F18,Special Pad Thai (Chicken/Pork/Tofu),Fried Noodle,,N,,,,,,,0,,,,N,Y,3,,,
VF13,VF13,Special Pad Thai with Tofu,Vegetarian Food,,N,,,,,,,0,,,,N,Y,3,,,
G16,G16,Steamed Shrimp with Coconut Cream,Grilled,,N,,,,,,,0,,,,N,Y,4.5,,,
G15,G15,Steamed Shrimp with Glass Noodle,Grilled,,N,,,,,,,0,,,,N,Y,4.5,,,
G14,G14,Steamed Shrimp with Lemongrass,Grilled,,N,,,,,,,0,,,,N,Y,4.5,,,
SF26,SF26,Stir-Fried Bean Sprout (Chicken/Pork/Tofu),Stir-fried,,N,,,,,,,0,,,,N,Y,3.5,,,
SF4,SF4,Stir-Fried Bell Pepper (Seafood/Beef),Stir-fried,,N,,,,,,,0,,,,N,Y,4,,,
SF14,SF14,Stir-Fried Bok Choy (Chicken/Pork/Tofu),Stir-fried,,N,,,,,,,0,,,,N,Y,3.5,,,
SF13,SF13,Stir-Fried Bok Choy (Seafood/Beef),Stir-fried,,N,,,,,,,0,,,,N,Y,4,,,
SF27,SF27,Stir-Fried Bok Choy with Oyster Sauce,Stir-fried,,N,,,,,,,0,,,,N,Y,2,,,
SF16,SF16,Stir-Fried Broccoli (Chicken/Pork/Tofu),Stir-fried,,N,,,,,,,0,,,,N,Y,3.5,,,
SF15,SF15,Stir-Fried Broccoli (Seafood/Beef),Stir-fried,,N,,,,,,,0,,,,N,Y,4,,,
SF29,SF29,Stir-Fried Cabbage (Chicken/Pork/Tofu),Stir-fried,,N,,,,,,,0,,,,N,Y,3.5,,,
SF12,SF12,Stir-Fried Cauliflower (Chicken/Pork/Tofu),Stir-fried,,N,,,,,,,0,,,,N,Y,3.5,,,
SF11,SF11,Stir-Fried Cauliflower (Seafood/Beef),Stir-fried,,N,,,,,,,0,,,,N,Y,4,,,
SF2,SF2,Stir-Fried Chicken with Salt and Chili,Stir-fried,,N,,,,,,,0,,,,N,Y,3.5,,,
SF3,SF3,Stir-Fried Eggplant (Pork/Chicken/fish/Tofu),Stir-fried,,N,,,,,,,0,,,,N,Y,3.5,,,
VF12,VF12,Stir-Fried Eggplant with Tofu,Vegetarian Food,,N,,,,,,,0,,,,N,Y,3.5,,,
SF9,SF9,Stir-Fried Ginger (Chicken/Pork/fish/Tofu),Stir-fried,,N,,,,,,,0,,,,N,Y,3.5,,,
SF10,SF10,Stir-Fried Ginger with Beef,Stir-fried,,N,,,,,,,0,,,,N,Y,4,,,
SF7,SF7,Stir-Fried Hot Basil Chicken,Stir-fried,,N,,,,,,,0,,,,N,Y,3.5,,,
SF19,SF19,Stir-Fried Kale with Beef,Stir-fried,,N,,,,,,,0,,,,N,Y,4,,,
SF6,SF6,Stir-Fried Khmer Spicy String bean (Pork/Chicken/fish/Tofu),Stir-fried,,N,,,,,,,0,,,,N,Y,4,,,
SF8,SF8,Stir-Fried Khmer Spicy String bean (Seafood/Beef),Stir-fried,,N,,,,,,,0,,,,N,Y,4,,,
G20,G20,Stir-fried Mixed Meatballs,Grilled,,N,,,,,,,0,,,,N,Y,2.5,,,
VF11,VF11,Stir-Fried Mixed Vegetable with Tofu And Cashew Nut,Vegetarian Food,,N,,,,,,,0,,,,N,Y,3.5,,,
SF24,SF24,Stir-Fried Morning Glory (Chicken/Pork/fish/Tofu),Stir-fried,,N,,,,,,,0,,,,N,Y,3.5,,,
SF28,SF28,Stir-Fried Morning Glory with Oyster Sauce,Stir-fried,,N,,,,,,,0,,,,N,Y,2,,,
SF17,SF17,Stir-Fried Mushrooms (Chicken/Pork/fish/Tofu),Stir-fried,,N,,,,,,,0,,,,N,Y,3.5,,,
SF23,SF23,Stir-Fried Onion (Chicken/Pork/Fish/Tofu),Stir-fried,,N,,,,,,,0,,,,N,Y,3.5,,,
SF20,SF20,Stir-Fried Pineapple (Chicken/Pork/Fish/Tofu),Stir-fried,,N,,,,,,,0,,,,N,Y,3.5,,,
SF18,SF18,Stir-Fried Shitake Mushrooms (Chicken/Pork/Fish/Tofu),Stir-fried,,N,,,,,,,0,,,,N,Y,3.5,,,
F30,F30,Stir-fried Silver Pin Noodle (Beef/Seafood),Fried Noodle,,N,,,,,,,0,,,,N,Y,3,,,
F31,F31,Stir-fried Silver Pin Noodle (Chicken/Pork/Tofu),Fried Noodle,,N,,,,,,,0,,,,N,Y,2.5,,,
SF5,SF5,Stir-Fried Squid with Green Pepper,Stir-fried,,N,,,,,,,0,,,,N,Y,4,,,
SF21,SF21,Stir-Fried String Bean (Chicken/Pork/Fish/Tofu),Stir-fried,,N,,,,,,,0,,,,N,Y,3.5,,,
SF22,SF22,Stir-Fried Sweet Sour Vegetables with Crispy (Fish/Chicken),Stir-fried,,N,,,,,,,0,,,,N,Y,3.5,,,
VF9,VF9,Stir-Fried Sweet Sour Vegetables with Tofu,Vegetarian Food,,N,,,,,,,0,,,,N,Y,3.5,,,
SF25,SF25,Stir-Fried Tomato (Chicken/Pork/Fish/Tofu),Stir-fried,,N,,,,,,,0,,,,N,Y,3.5,,,
D67,D67,Strawberry & Lychee Smoothie,Smoothie,,N,,,,,,,0,,,,N,Y,1.75,,,
B55,B55,Strawberry Pancake (3),Breakfast,,N,,,,,,,0,,,,N,Y,3,,,
D55,D55,Strawberry Smoothie,Smoothie,,N,,,,,,,0,,,,N,Y,1.75,,,
S11,S11,Sweet and Sour Soup (Chicken/Fish),Soup,,N,,,,,,,0,,,,N,Y,3.5,,,
s6,s6,Sweet Sour Pineapple & Coconut Soup (Chicken/Fish/Tofu),Soup,,N,,,,,,,0,,,,N,Y,3.5,,,
D48,D48,Syrup Fresh Milk Frappe,Frappe,,N,,,,,,,0,,,,N,Y,2,,,
VF2,VF2,Tofu Amok,Vegetarian Food,,N,,,,,,,0,,,,N,Y,3.5,,,
VF1,VF1,Tofu Lok lak with Rice,Vegetarian Food,,N,,,,,,,0,,,,N,Y,3.5,,,
VF15,VF15,Tofu Salad with deep fried glass noodle,Vegetarian Food,,N,,,,,,,0,,,,N,Y,3.5,,,
VF17,VF17,Tofu Salad with Deep fried morning glory,Vegetarian Food,,N,,,,,,,0,,,,N,Y,4,,,
s8,s8,Tom Yum (Chicken/Fish/Tofu),Soup,,N,,,,,,,0,,,,N,Y,3.5,,,
s7,s7,Tom Yum Seafood,Soup,,N,,,,,,,0,,,,N,Y,4,,,
M2,M2,Tomato Soup with Bread,New Menu,,N,,,,,,,0,,,,N,Y,3,,,
D49,D49,Vanila Frappe,Frappe,,N,,,,,,,0,,,,N,Y,2,,,
D82,D82,Vanilla Macchiato,Macchiato,,N,,,,,,,0,,,,N,Y,1.5,,,
B33,B33,Vegetable Fresh Spring Rolls (4),Breakfast,,N,,,,,,,0,,,,N,Y,2,,,
VF8,VF8,Vegetable Fresh Spring Rolls with Tofu (4),Vegetarian Food,,N,,,,,,,0,,,,N,Y,2.5,,,
B10,B10,Vegetable Noodle Soup,Breakfast,,N,,,,,,,0,,,,N,Y,2,,,
water-(big),BV7,Water (big),Beverage,,N,,,,,,,0,,,,N,Y,0.75,,,
water-(small),BV6,Water (small),Beverage,,N,,,,,,,0,,,,N,Y,0.25,,,
D68,D68,Water Melon Smoothie,Smoothie,,N,,,,,,,0,,,,N,Y,1.25,,,
wine-by-glass,W1,Wine by Glass,Cocktails,,N,,,,,,,0,,,,N,Y,2.5,,,
D69,D69,Winter melon Smoothie,Smoothie,,N,,,,,,,0,,,,N,Y,1.25,,,
B9,B9,Wonton Soup,Breakfast,,N,,,,,,,0,,,,N,Y,3,,,
VF10,VF10,Yellow Curry with Tofu,Vegetarian Food,,N,,,,,,,0,,,,N,Y,3.5,,,
